-71.1846,42.2882,12.548242903266024
-71.1818,42.277,15.410778549583878
-71.1818,42.2798,14.126994602601545
-71.1818,42.2826,17.5038523675733
-71.1818,42.2882,13.800396920154226
-71.1818,42.291,12.861041902376224
-71.179,42.2798,14.825364490016616
-71.179,42.2882,14.793874274036208
-71.179,42.291,13.280245860892682
-71.179,42.2938,12.77223836432933
-71.1762,42.2798,15.283017327006942
-71.1762,42.291,14.384001133924663
-71.1762,42.2938,11.400875961161606
-71.1734,42.2686,14.159307096754604
-71.1734,42.2742,12.752747922189862
-71.1734,42.277,13.017580333866267
-71.1734,42.2798,15.219474783461445
-71.1734,42.2826,17.60752179595745
-71.1734,42.2854,14.413852431250307
-71.1734,42.2882,12.297055293242044
-71.1734,42.2938,15.411113202941902
-71.1734,42.3498,13.592498280084612
-71.1734,42.3526,13.620731730567966
-71.1706,42.2658,16.198100995296492
-71.1706,42.2686,13.049567607364516
-71.1706,42.2714,12.805744517435217
-71.1706,42.2742,17.737431544563613
-71.1706,42.277,13.273812489202758
-71.1706,42.2798,14.06790218363747
-71.1706,42.2826,12.80696924664568
-71.1706,42.2854,12.779656588392891
-71.1706,42.2882,12.701100724861561
-71.1706,42.291,12.715176788397825
-71.1706,42.2938,12.870457177422429
-71.1706,42.2966,16.024949128757804
-71.1706,42.2994,12.262689245949069
-71.1706,42.347,13.03080954830674
-71.1706,42.3498,13.366714059433946
-71.1706,42.3526,13.528190697683522
-71.1706,42.3554,13.096086182333691
-71.1678,42.263,12.962504482423546
-71.1678,42.2658,12.882846290992129
-71.1678,42.2686,12.675771667577036
-71.1678,42.2714,12.764468279442452
-71.1678,42.2742,13.120967825761712
-71.1678,42.277,13.175222332172433
-71.1678,42.2798,13.346671050865343
-71.1678,42.2826,12.927754149463228
-71.1678,42.2854,12.932295531798369
-71.1678,42.2882,12.805502731490147
-71.1678,42.291,12.819318368602907
-71.1678,42.2938,13.044711503103315
-71.1678,42.2966,15.307245431542162
-71.1678,42.3358,20.0749763365616
-71.1678,42.3386,14.079712294085436
-71.1678,42.3442,13.488209470825463
-71.1678,42.347,13.169335873299215
-71.1678,42.3498,13.608249807475444
-71.1678,42.3526,13.579685017330489
-71.1678,42.3554,13.476918410534507
-71.1678,42.3582,14.937416106601676
-71.165,42.263,12.737512155226066
-71.165,42.2658,12.63386290980929
-71.165,42.2686,12.583651085364775
-71.165,42.2714,12.79497796555003
-71.165,42.2742,12.599705262241368
-71.165,42.277,13.572980423564719
-71.165,42.2798,13.191506904208865
-71.165,42.2826,13.038490343387926
-71.165,42.2854,12.911407471486863
-71.165,42.2882,12.924253724290546
-71.165,42.291,12.91771185227668
-71.165,42.2938,12.787785054529058
-71.165,42.2966,13.032776786569599
-71.165,42.2994,12.05931126413477
-71.165,42.3358,13.424539896006563
-71.165,42.3386,14.920187751194634
-71.165,42.3414,14.654498476018956
-71.165,42.3442,13.532940286854092
-71.165,42.347,14.400404153083965
-71.165,42.3498,13.314405502381652
-71.165,42.3526,13.878408027430469
-71.165,42.3554,13.117482799869409
-71.165,42.3582,13.57475447933315
-71.1622,42.2602,12.686537392359428
-71.1622,42.263,12.058911023700047
-71.1622,42.2658,11.785931491620072
-71.1622,42.2686,12.505798171434872
-71.1622,42.2714,12.765757112425824
-71.1622,42.2742,12.770925925355435
-71.1622,42.277,12.940399015345324
-71.1622,42.2798,13.487902140126002
-71.1622,42.2826,13.063838159208009
-71.1622,42.2854,13.004925016383371
-71.1622,42.2882,13.288317891055867
-71.1622,42.291,13.038751998987289
-71.1622,42.2938,12.853605383206407
-71.1622,42.2966,14.265196677384568
-71.1622,42.2994,14.254926105441985
-71.1622,42.3386,15.18139300621122
-71.1622,42.3414,14.831315606873261
-71.1622,42.3442,15.067423165004802
-71.1622,42.347,13.440662682054256
-71.1622,42.3498,13.583507077683532
-71.1622,42.3526,13.391657421542831
-71.1622,42.3554,13.30989091704542
-71.1594,42.2574,13.00272708490284
-71.1594,42.2602,12.268013290798146
-71.1594,42.263,11.205594379760399
-71.1594,42.2658,11.543888492884529
-71.1594,42.2686,14.789579511557784
-71.1594,42.2714,12.519197518154396
-71.1594,42.2742,13.504880516812198
-71.1594,42.277,12.982508272794966
-71.1594,42.2798,13.191126977082051
-71.1594,42.2826,13.758525107106543
-71.1594,42.2854,13.292564154385863
-71.1594,42.2882,13.255917686432936
-71.1594,42.291,13.207022105363324
-71.1594,42.2938,12.966569260331479
-71.1594,42.2966,15.239714677157368
-71.1594,42.2994,17.12561551922309
-71.1594,42.333,10.245302633567837
-71.1594,42.3358,18.17505254694387
-71.1594,42.3386,14.453458800715405
-71.1594,42.3414,13.718710198626304
-71.1594,42.3442,15.568424499759194
-71.1594,42.347,13.48951499782989
-71.1594,42.3498,13.54241848915608
-71.1594,42.3526,13.473138324277098
-71.1594,42.3554,13.293661372176334
-71.1594,42.3582,13.526656784846537
-71.1566,42.2574,12.865097529608747
-71.1566,42.2602,13.398123305541613
-71.1566,42.263,12.971284640990286
-71.1566,42.2658,13.482745288197458
-71.1566,42.2686,13.367607567158142
-71.1566,42.2714,12.917796211663054
-71.1566,42.2742,14.562340675440405
-71.1566,42.277,14.344561846625018
-71.1566,42.2798,13.184373889641908
-71.1566,42.2826,13.827713575135851
-71.1566,42.2854,13.609801636373307
-71.1566,42.2882,13.213619897675882
-71.1566,42.291,13.035791797776156
-71.1566,42.2938,13.023566279833643
-71.1566,42.2966,15.19559568160642
-71.1566,42.333,13.896382644684827
-71.1566,42.3386,15.17558334977341
-71.1566,42.3414,14.048805278048176
-71.1566,42.3442,14.151415709219796
-71.1566,42.347,13.467027014725868
-71.1566,42.3498,13.64169670778293
-71.1566,42.3526,13.294218400953193
-71.1566,42.3554,13.231997320379284
-71.1566,42.3582,13.604812160137339
-71.1538,42.2602,12.73466503338819
-71.1538,42.263,14.900916172674549
-71.1538,42.2658,12.761949851938965
-71.1538,42.2686,12.109117565231395
-71.1538,42.2714,13.450983437648885
-71.1538,42.2742,13.8775387192451
-71.1538,42.277,13.103951434831641
-71.1538,42.2798,13.22825623705623
-71.1538,42.2826,13.32058391458777
-71.1538,42.2854,13.625872711577905
-71.1538,42.2882,13.136100717028636
-71.1538,42.291,13.15306612293766
-71.1538,42.2938,13.093963902882631
-71.1538,42.3358,15.911624833931363
-71.1538,42.3386,15.161095808817242
-71.1538,42.3414,15.291630142631526
-71.1538,42.3442,13.771157031890391
-71.1538,42.347,13.768311024394508
-71.1538,42.3498,13.868178082939007
-71.1538,42.3526,13.606784791299338
-71.1538,42.3554,13.305140187697539
-71.1538,42.3582,14.847042430949761
-71.151,42.2602,13.3579797070145
-71.151,42.263,12.797926088968845
-71.151,42.2658,12.708540908428953
-71.151,42.2686,12.746180633033376
-71.151,42.2714,12.913306045260704
-71.151,42.2742,12.98873039231788
-71.151,42.277,13.215186437404695
-71.151,42.2798,13.153667162199126
-71.151,42.2826,13.34197092833372
-71.151,42.2854,13.81058415744123
-71.151,42.2882,13.258163458974659
-71.151,42.291,13.125960820408446
-71.151,42.2938,13.11061108900039
-71.151,42.3358,14.58870862198851
-71.151,42.3386,15.05164933464498
-71.151,42.3414,13.997167678382986
-71.151,42.3442,14.266491937618408
-71.151,42.347,13.382398702488418
-71.151,42.3498,13.840901820750695
-71.151,42.3526,13.570467077121933
-71.151,42.3554,13.477132907193939
-71.151,42.3582,14.205280728586047
-71.1482,42.2602,15.998095158560979
-71.1482,42.263,12.847462309135409
-71.1482,42.2658,12.903112240805463
-71.1482,42.2686,12.532719989859045
-71.1482,42.2714,13.038923895726215
-71.1482,42.2742,12.943393121799009
-71.1482,42.277,13.072307573941595
-71.1482,42.2798,13.096049510011268
-71.1482,42.2826,13.279001926303843
-71.1482,42.2854,13.10708202976744
-71.1482,42.2882,13.606449399699743
-71.1482,42.291,13.231994759912801
-71.1482,42.2938,13.076122436450122
-71.1482,42.2966,12.899730445701733
-71.1482,42.3386,14.319051994598661
-71.1482,42.3414,14.066056635583841
-71.1482,42.3442,13.44965109492321
-71.1482,42.347,13.431575533819329
-71.1482,42.3498,16.749199602968098
-71.1482,42.3526,13.4304880107594
-71.1482,42.3554,14.461710378051274
-71.1482,42.3582,14.259018471312283
-71.1454,42.2518,12.646939275686194
-71.1454,42.2546,15.484345484110264
-71.1454,42.2574,17.67684787384934
-71.1454,42.263,13.328889622895101
-71.1454,42.2714,12.786565413410226
-71.1454,42.2742,12.867418966102337
-71.1454,42.277,13.053001950614256
-71.1454,42.2798,13.26085955409911
-71.1454,42.2826,13.050635938567469
-71.1454,42.2854,13.098874559833698
-71.1454,42.2882,13.37582562266971
-71.1454,42.291,13.226509998695681
-71.1454,42.2938,13.128920212679175
-71.1454,42.2966,12.936453327162532
-71.1454,42.3414,14.257896260016977
-71.1454,42.3442,14.222576563057249
-71.1454,42.347,15.3440621966063
-71.1454,42.3498,15.648619882369632
-71.1454,42.3526,13.116103763678709
-71.1454,42.3554,14.542174192448169
-71.1454,42.3582,14.016464743020018
-71.1454,42.361,13.404420477501917
-71.1426,42.2378,13.781307236622776
-71.1426,42.2406,12.668777381111587
-71.1426,42.2434,13.069847966128911
-71.1426,42.2462,16.868808662352638
-71.1426,42.249,12.819317116056931
-71.1426,42.2518,12.621864589723666
-71.1426,42.2546,12.95913059626091
-71.1426,42.2574,13.158842699012515
-71.1426,42.2686,18.060525464953233
-71.1426,42.2742,14.621137849608221
-71.1426,42.277,13.851769196194217
-71.1426,42.2798,13.096182243722815
-71.1426,42.2826,12.98879729030041
-71.1426,42.2854,13.136503360515377
-71.1426,42.2882,13.039485594092998
-71.1426,42.291,13.0762608885203
-71.1426,42.2938,12.954275138977467
-71.1426,42.2966,13.022743926011906
-71.1426,42.2994,13.004030190442464
-71.1426,42.3414,15.152188087709778
-71.1426,42.3442,14.852590349111814
-71.1426,42.347,16.008854459654025
-71.1426,42.3498,17.302313494652
-71.1426,42.3526,13.65459228066325
-71.1426,42.3554,14.257262064596036
-71.1426,42.3582,15.590088524840116
-71.1426,42.361,13.492438030542075
-71.1426,42.3638,14.856128789622268
-71.1398,42.235,13.856611553560109
-71.1398,42.2378,14.198353935502725
-71.1398,42.2406,12.689814582279258
-71.1398,42.2434,12.775557785085297
-71.1398,42.249,12.730984307878359
-71.1398,42.2518,12.004223710997264
-71.1398,42.2546,12.548631993189613
-71.1398,42.2574,12.76464707511362
-71.1398,42.2686,15.469443710284926
-71.1398,42.2714,14.489525886208193
-71.1398,42.2742,15.000063511725669
-71.1398,42.277,12.87183887213345
-71.1398,42.2798,12.96710274847808
-71.1398,42.2826,12.958779075015087
-71.1398,42.2854,13.010103169615554
-71.1398,42.2882,13.17139221438784
-71.1398,42.291,13.14982072826687
-71.1398,42.2938,12.962017922276127
-71.1398,42.2966,14.709406943301127
-71.1398,42.2994,13.220578424901284
-71.1398,42.3022,11.621082067930056
-71.1398,42.3442,14.220829566511528
-71.1398,42.347,14.112448275586544
-71.1398,42.3498,14.888489313136363
-71.1398,42.3526,13.69056923251221
-71.1398,42.3554,14.339060620719964
-71.1398,42.3582,14.277512959014405
-71.1398,42.361,14.277680117002836
-71.1398,42.3638,14.544845009285932
-71.137,42.2322,12.616059183219338
-71.137,42.235,13.37825236345962
-71.137,42.2378,12.954418409009083
-71.137,42.2406,12.587082044802237
-71.137,42.2434,12.557798311975791
-71.137,42.2462,12.741189079510496
-71.137,42.249,12.51248210678287
-71.137,42.2518,12.300427824011319
-71.137,42.2574,18.656302912457086
-71.137,42.263,11.563618579285746
-71.137,42.2686,14.865072648657092
-71.137,42.2742,16.879779599005598
-71.137,42.277,15.098538852055233
-71.137,42.2798,12.819421736813105
-71.137,42.2826,12.83890997527265
-71.137,42.2854,12.938810663046826
-71.137,42.2882,13.25889826783069
-71.137,42.291,13.151279597448882
-71.137,42.2938,13.05092712921356
-71.137,42.2966,13.00481364786329
-71.137,42.3022,14.087723599512124
-71.137,42.305,13.456404088834127
-71.137,42.347,14.383757103914913
-71.137,42.3498,14.210457762718478
-71.137,42.3526,14.41007857266827
-71.137,42.3554,13.60452905553336
-71.137,42.3582,13.598542585945752
-71.137,42.361,15.287025735643494
-71.137,42.3638,14.54540275344608
-71.1342,42.2322,14.284470768037508
-71.1342,42.235,13.125054752403287
-71.1342,42.2378,12.924814470751599
-71.1342,42.2406,12.899519781099118
-71.1342,42.2434,12.89837688470794
-71.1342,42.2462,13.326795819785104
-71.1342,42.249,12.932997064483668
-71.1342,42.2518,12.991507552437428
-71.1342,42.2546,12.837311177138563
-71.1342,42.2574,14.256149741080092
-71.1342,42.2602,12.445089546000673
-71.1342,42.263,13.599932069268867
-71.1342,42.2686,17.8349537564577
-71.1342,42.2742,12.841413923262646
-71.1342,42.277,12.994798363118095
-71.1342,42.2798,12.982235731804261
-71.1342,42.2826,12.875911831396888
-71.1342,42.2854,12.997119364513772
-71.1342,42.2882,13.247079991515953
-71.1342,42.291,13.13969579939124
-71.1342,42.2938,13.045369468122415
-71.1342,42.2966,13.562559872489745
-71.1342,42.2994,14.59364267478015
-71.1342,42.3022,13.300560414407615
-71.1342,42.305,14.371768333128099
-71.1342,42.3078,14.012578798344048
-71.1342,42.347,15.730260094614545
-71.1342,42.3498,14.372875891155191
-71.1342,42.3526,14.099582315028936
-71.1342,42.3554,13.687769349415046
-71.1342,42.3582,13.438673335832094
-71.1342,42.361,13.832948951160558
-71.1342,42.3638,14.032163660230635
-71.1342,42.3666,17.217411025736787
-71.1314,42.2322,12.89445771252195
-71.1314,42.235,12.852947738902103
-71.1314,42.2378,12.90389188607237
-71.1314,42.2406,14.050091311559433
-71.1314,42.2434,13.183947340763064
-71.1314,42.2462,15.548315884348659
-71.1314,42.249,13.031833398281893
-71.1314,42.2518,12.936748220842295
-71.1314,42.2546,12.913546905664735
-71.1314,42.2574,12.6166541298145
-71.1314,42.2602,12.026111092433156
-71.1314,42.2658,12.926510686326022
-71.1314,42.2686,12.405655086720728
-71.1314,42.2714,12.60896954633463
-71.1314,42.2742,12.828817995453264
-71.1314,42.277,12.933772122214652
-71.1314,42.2798,12.89714730174321
-71.1314,42.2826,12.998370189516551
-71.1314,42.2854,13.098795357485663
-71.1314,42.2882,13.356899694452993
-71.1314,42.291,13.148728862190021
-71.1314,42.2938,12.384072376675105
-71.1314,42.2966,16.861719192306413
-71.1314,42.2994,15.514485654848992
-71.1314,42.3022,13.244056109156642
-71.1314,42.305,13.393028479013752
-71.1314,42.3078,17.657722500134994
-71.1314,42.3106,13.639012014473108
-71.1314,42.3134,13.91010821125459
-71.1314,42.3498,14.47249434509768
-71.1314,42.3526,14.43555867524783
-71.1314,42.3554,14.19845041215341
-71.1314,42.3582,13.420944327903525
-71.1314,42.361,13.194234384348189
-71.1314,42.3638,15.044494779932682
-71.1314,42.3666,14.323833051512146
-71.1286,42.2322,13.284428519745758
-71.1286,42.235,12.68034309285511
-71.1286,42.2378,14.096485430599337
-71.1286,42.2406,14.656055053385353
-71.1286,42.2434,12.93443158957614
-71.1286,42.2462,12.963376019685544
-71.1286,42.249,12.817101287208105
-71.1286,42.2518,12.690998753691261
-71.1286,42.2546,12.702380000313564
-71.1286,42.2574,12.657737986743289
-71.1286,42.2602,13.214104257768463
-71.1286,42.263,12.621127983659383
-71.1286,42.2658,12.769419559388265
-71.1286,42.2686,12.581338485472708
-71.1286,42.2714,12.63159711734932
-71.1286,42.2742,12.900743664458462
-71.1286,42.277,12.811428424680805
-71.1286,42.2798,12.893636366314315
-71.1286,42.2826,12.970912231713198
-71.1286,42.2854,13.509413563077393
-71.1286,42.2882,13.423837294527827
-71.1286,42.291,13.212045777529468
-71.1286,42.2938,13.055261573863593
-71.1286,42.2994,13.171480018886488
-71.1286,42.3022,17.736198701742687
-71.1286,42.305,13.308799408945857
-71.1286,42.3078,13.397799028481714
-71.1286,42.3106,13.403134376832663
-71.1286,42.3134,14.211644913356032
-71.1286,42.3162,15.41882308178478
-71.1286,42.3498,15.00622152587844
-71.1286,42.3526,14.266187212398249
-71.1286,42.3554,13.59966689959245
-71.1286,42.3582,13.434120131579949
-71.1286,42.361,13.827326474262916
-71.1286,42.3638,14.968462609707137
-71.1286,42.3694,18.52440091498026
-71.1258,42.235,12.504577518565634
-71.1258,42.2378,14.211461165469563
-71.1258,42.2406,12.621451413485433
-71.1258,42.2434,13.44296752199829
-71.1258,42.2462,12.707056475596104
-71.1258,42.249,12.664856905700917
-71.1258,42.2518,15.562855553488546
-71.1258,42.2546,12.985090914060361
-71.1258,42.2574,13.718928855832237
-71.1258,42.2602,12.604063079221632
-71.1258,42.263,12.6471337452282
-71.1258,42.2658,12.739048048909732
-71.1258,42.2686,12.593629933833672
-71.1258,42.2714,12.603740769336113
-71.1258,42.2742,12.791021955612132
-71.1258,42.277,12.838483590902287
-71.1258,42.2798,12.874689038640648
-71.1258,42.2826,13.228172126590495
-71.1258,42.2854,13.182970021531077
-71.1258,42.2882,13.014233829492651
-71.1258,42.291,13.068369698403298
-71.1258,42.2938,16.912006296913418
-71.1258,42.3022,14.983256263797884
-71.1258,42.305,13.386694397497571
-71.1258,42.3078,13.534101467568032
-71.1258,42.3106,13.458055108617568
-71.1258,42.3134,13.585776256344207
-71.1258,42.3162,16.038641103617913
-71.1258,42.319,13.772650503160868
-71.1258,42.3526,15.155861863676385
-71.1258,42.3554,13.855077637407877
-71.1258,42.3582,13.446868470448695
-71.1258,42.361,13.071970156298164
-71.1258,42.3638,15.06822447763772
-71.123,42.235,13.922165235832814
-71.123,42.2434,12.815811042868807
-71.123,42.2462,12.686923382924675
-71.123,42.249,12.53198794481449
-71.123,42.2518,12.948372354569662
-71.123,42.2546,13.47067847499858
-71.123,42.2574,13.652364886650327
-71.123,42.2602,12.763483238833237
-71.123,42.263,12.606888071712987
-71.123,42.2658,12.817639130764112
-71.123,42.2686,13.27638007423029
-71.123,42.2714,12.577283975594872
-71.123,42.2742,12.70456177238323
-71.123,42.277,12.858410604305753
-71.123,42.2798,13.047665573214228
-71.123,42.2826,13.03392207317553
-71.123,42.2854,12.92410659693449
-71.123,42.2882,13.037249399214579
-71.123,42.291,13.052787629310892
-71.123,42.2938,12.926661022221955
-71.123,42.2994,17.906658349288087
-71.123,42.3022,14.916120849295057
-71.123,42.3078,13.497650857691548
-71.123,42.3106,13.668545493905754
-71.123,42.3134,13.570715029288296
-71.123,42.319,11.85793260404128
-71.123,42.3218,12.849241456283877
-71.123,42.3526,15.740539927297329
-71.123,42.3554,16.512860005976226
-71.123,42.3582,13.838961982480848
-71.123,42.361,14.103611986918269
-71.123,42.3638,17.063445730270143
-71.123,42.3666,19.39188063034185
-71.1202,42.2434,16.536217431321596
-71.1202,42.2462,12.700903591849663
-71.1202,42.249,12.697290799100177
-71.1202,42.2518,12.921584527945598
-71.1202,42.2546,13.136641925001966
-71.1202,42.2574,13.251495794518723
-71.1202,42.2602,12.729055978821812
-71.1202,42.263,12.689046570921072
-71.1202,42.2658,12.809971304823627
-71.1202,42.2686,13.333167732345245
-71.1202,42.2714,12.765867689107028
-71.1202,42.2742,12.840573246657312
-71.1202,42.277,13.104350334512993
-71.1202,42.2798,13.253381319840042
-71.1202,42.2826,12.969118953469787
-71.1202,42.2854,13.000170106350545
-71.1202,42.2882,14.30503031513583
-71.1202,42.291,14.406644428570731
-71.1202,42.2938,13.567904946807289
-71.1202,42.2966,13.673518988960826
-71.1202,42.2994,13.815843835754395
-71.1202,42.305,13.327943592337949
-71.1202,42.3078,13.64045463838708
-71.1202,42.3106,13.576393559415948
-71.1202,42.3134,13.822811838625746
-71.1202,42.319,15.772092135669306
-71.1202,42.3526,18.11288284087565
-71.1202,42.3554,13.399995114002609
-71.1202,42.3582,15.790937899518898
-71.1202,42.361,14.24071293175547
-71.1202,42.3638,17.478474589660546
-71.1202,42.3666,17.334047914182776
-71.1174,42.2462,12.807208775633656
-71.1174,42.249,13.097448671187477
-71.1174,42.2518,12.960741877913094
-71.1174,42.2546,13.281558455690561
-71.1174,42.2574,12.831193391410167
-71.1174,42.2602,13.01099969355013
-71.1174,42.263,13.697009354039022
-71.1174,42.2658,13.044399726505892
-71.1174,42.2686,12.625319125830432
-71.1174,42.2714,12.68944671796832
-71.1174,42.2742,13.243096226967483
-71.1174,42.277,13.468796096475259
-71.1174,42.2798,12.887311892419305
-71.1174,42.2826,12.884307356604475
-71.1174,42.2854,12.79302881995103
-71.1174,42.2882,12.924346102949404
-71.1174,42.291,13.126095705918356
-71.1174,42.2938,13.305300129542202
-71.1174,42.2966,13.29483224171559
-71.1174,42.2994,16.58413006459552
-71.1174,42.3022,13.850319079171099
-71.1174,42.305,13.358634222818184
-71.1174,42.3078,13.448697517874766
-71.1174,42.3106,13.781005194266733
-71.1174,42.3134,13.84814983182093
-71.1174,42.3162,14.01088543713087
-71.1174,42.319,14.006079263346304
-71.1174,42.3218,18.09969693989687
-71.1174,42.3526,18.723604445397974
-71.1174,42.361,16.91797240958233
-71.1146,42.2462,12.75665798551284
-71.1146,42.249,12.857451080725783
-71.1146,42.2518,12.917048232609952
-71.1146,42.2546,12.869351727140682
-71.1146,42.2574,12.392577611370656
-71.1146,42.2602,13.100505002141885
-71.1146,42.263,12.704177704886783
-71.1146,42.2658,12.603288913025803
-71.1146,42.2686,12.6112929320053
-71.1146,42.2714,13.28349534551568
-71.1146,42.2742,14.023889649077518
-71.1146,42.277,14.47070754236674
-71.1146,42.2798,12.643486454114273
-71.1146,42.2826,12.945237049832516
-71.1146,42.2854,12.827434859607845
-71.1146,42.2882,12.874460212944449
-71.1146,42.291,12.978857418559071
-71.1146,42.2938,13.261690889353048
-71.1146,42.2966,13.133411975391725
-71.1146,42.2994,13.385287700394379
-71.1146,42.3022,13.875773123295943
-71.1146,42.305,14.497517434110486
-71.1146,42.3078,14.459195045240529
-71.1146,42.3106,13.950281806649512
-71.1146,42.3134,13.750201213502933
-71.1146,42.3162,14.261277479607735
-71.1146,42.319,14.166922586116316
-71.1146,42.3218,13.916598399914529
-71.1146,42.3246,15.375151269926286
-71.1146,42.3526,16.58994757106167
-71.1118,42.249,12.752409625604624
-71.1118,42.2518,12.735813612315745
-71.1118,42.2546,12.802488637130347
-71.1118,42.2574,12.791760272573143
-71.1118,42.263,12.836853758280867
-71.1118,42.2658,12.607669817693154
-71.1118,42.2686,12.78125418552718
-71.1118,42.2714,12.430698175095024
-71.1118,42.2742,12.395831235850688
-71.1118,42.277,16.377663701969954
-71.1118,42.2798,12.373703486914124
-71.1118,42.2826,14.217559310654462
-71.1118,42.2854,13.679306689893288
-71.1118,42.2882,12.949260290559357
-71.1118,42.291,12.94822160807856
-71.1118,42.2938,13.115540152056203
-71.1118,42.2966,12.865404477595389
-71.1118,42.2994,13.098923938859214
-71.1118,42.3022,14.140720252445261
-71.1118,42.305,13.155815120328882
-71.1118,42.3078,13.483326216615731
-71.1118,42.3106,13.84572547205246
-71.1118,42.3134,13.636287024608917
-71.1118,42.3162,13.482348269416104
-71.1118,42.319,13.532003794325163
-71.1118,42.3218,14.044258375998316
-71.1118,42.3246,14.322683277993876
-71.1118,42.3274,16.452590934695312
-71.1118,42.3302,14.332649922341652
-71.1118,42.333,15.035396857760395
-71.109,42.263,13.20503253125158
-71.109,42.2658,12.472316736365386
-71.109,42.2686,12.230114640010411
-71.109,42.2714,12.45095032281146
-71.109,42.2742,12.5770427195988
-71.109,42.2854,13.654754461679932
-71.109,42.2882,13.564270769754872
-71.109,42.291,10.289883097923942
-71.109,42.2994,12.875780206585034
-71.109,42.3022,14.22465776769723
-71.109,42.305,14.048235111352541
-71.109,42.3078,13.000263934186652
-71.109,42.3106,13.630498592812405
-71.109,42.3134,13.532938428321573
-71.109,42.3162,13.604019219098717
-71.109,42.319,13.617325525700224
-71.109,42.3218,13.375466106548096
-71.109,42.3246,13.13983879821354
-71.109,42.3274,18.154853719617524
-71.109,42.3302,16.446863528982817
-71.109,42.333,16.044108140394965
-71.109,42.3358,17.317909642929386
-71.109,42.3386,18.053490929749405
-71.109,42.3414,16.89928026526491
-71.1062,42.263,13.055540428257226
-71.1062,42.2658,12.332741111158313
-71.1062,42.2686,12.552245762819883
-71.1062,42.2714,12.363615623255573
-71.1062,42.2742,12.527375461003807
-71.1062,42.277,12.599611056645182
-71.1062,42.2826,17.01706116422362
-71.1062,42.2854,12.617339075202425
-71.1062,42.2882,13.942275358755772
-71.1062,42.2938,17.965002810171626
-71.1062,42.2994,13.70327087947404
-71.1062,42.3022,13.34031480628225
-71.1062,42.305,13.006112928364791
-71.1062,42.3078,12.967738398840696
-71.1062,42.3106,12.952904751063986
-71.1062,42.3134,13.251422283354295
-71.1062,42.3162,13.376279009742106
-71.1062,42.319,13.445351661564512
-71.1062,42.3218,13.590966575955143
-71.1062,42.3246,13.136371775637683
-71.1062,42.3274,15.669454276228665
-71.1062,42.3302,13.552615635438748
-71.1062,42.333,14.080664831558124
-71.1062,42.3358,19.01104392129673
-71.1062,42.3386,19.242961589533312
-71.1062,42.3414,16.660513224959097
-71.1062,42.347,14.638609983635105
-71.1062,42.3498,16.111901149589183
-71.1034,42.2602,12.513572351167946
-71.1034,42.263,12.938112431123175
-71.1034,42.2658,12.409881500867591
-71.1034,42.2686,12.527517428052374
-71.1034,42.2714,12.331870672795242
-71.1034,42.2742,11.750208579838157
-71.1034,42.277,13.652651417148506
-71.1034,42.2798,15.386457091216402
-71.1034,42.2854,15.582974730453227
-71.1034,42.291,15.202067384637068
-71.1034,42.3022,14.09327486153274
-71.1034,42.305,14.286940388451352
-71.1034,42.3078,14.25753081052118
-71.1034,42.3106,13.247854301150763
-71.1034,42.3134,13.677848024869776
-71.1034,42.3162,13.11109824337616
-71.1034,42.319,13.542083220480167
-71.1034,42.3218,13.226790788682706
-71.1034,42.3246,16.665416070719214
-71.1034,42.3274,13.179956939609049
-71.1034,42.3302,14.035387943064796
-71.1034,42.333,14.294425445730536
-71.1034,42.3358,19.44177888258782
-71.1034,42.3386,18.503489986160826
-71.1034,42.3414,18.498685684480325
-71.1034,42.3442,17.807907556844103
-71.1034,42.347,14.710924015315708
-71.1034,42.3498,15.018141708327075
-71.1006,42.263,12.728106023578041
-71.1006,42.2658,12.571898015036778
-71.1006,42.2686,13.556500535972903
-71.1006,42.2714,12.655900140234582
-71.1006,42.2742,12.148577193475077
-71.1006,42.277,12.167277365676835
-71.1006,42.2798,11.656996948498668
-71.1006,42.2826,10.236381967809457
-71.1006,42.2854,17.00881064073134
-71.1006,42.2882,17.61208829303213
-71.1006,42.291,17.878586306708645
-71.1006,42.2994,18.41077585206683
-71.1006,42.3078,13.57586875260396
-71.1006,42.3106,13.320194740669281
-71.1006,42.3134,13.358438311210751
-71.1006,42.3162,13.207784073990396
-71.1006,42.319,14.10777729731891
-71.1006,42.3218,13.879705136031637
-71.1006,42.3246,16.667757684875987
-71.1006,42.3274,13.392335381630248
-71.1006,42.3302,13.716157790630142
-71.1006,42.333,15.11395009558442
-71.1006,42.3358,17.534696491683217
-71.1006,42.3386,17.88671861348498
-71.1006,42.3414,15.25245525681938
-71.1006,42.3442,15.48198723263591
-71.1006,42.347,16.495914635821038
-71.1006,42.3498,15.696787828054479
-71.0978,42.263,12.643212585588502
-71.0978,42.2658,12.614330950478719
-71.0978,42.2686,14.505294675970399
-71.0978,42.2714,12.51653650047024
-71.0978,42.2742,12.53555623261571
-71.0978,42.277,12.632508756806294
-71.0978,42.2798,12.521423560617169
-71.0978,42.2826,12.700015036794397
-71.0978,42.2854,12.660573197969441
-71.0978,42.2882,14.444225878364831
-71.0978,42.3106,13.251811444591215
-71.0978,42.3134,13.306614926932129
-71.0978,42.3162,13.289933290101711
-71.0978,42.319,14.429245834540367
-71.0978,42.3218,13.77191396781107
-71.0978,42.3246,12.410342219036087
-71.0978,42.3274,13.28198607140362
-71.0978,42.3302,13.399646735501957
-71.0978,42.333,14.756934601615152
-71.0978,42.3358,16.154947541434453
-71.0978,42.3386,15.57862318642338
-71.0978,42.3414,15.267307464037787
-71.0978,42.3442,16.08587653898628
-71.0978,42.347,15.829862876173204
-71.0978,42.3498,15.21837690455065
-71.095,42.2686,13.43289579542557
-71.095,42.2714,12.779727944824769
-71.095,42.2742,12.983937646068108
-71.095,42.277,12.717574604632414
-71.095,42.2798,12.934399642892856
-71.095,42.2826,13.085464680262527
-71.095,42.2854,12.824101239134768
-71.095,42.2882,14.65750702814454
-71.095,42.291,14.106028517249843
-71.095,42.2938,13.378941704804776
-71.095,42.3022,19.62743597373987
-71.095,42.3106,15.240809262677395
-71.095,42.3134,13.522450233795272
-71.095,42.3162,13.01574775918923
-71.095,42.319,15.236296978612602
-71.095,42.3218,13.445129804125878
-71.095,42.3246,12.632566826328828
-71.095,42.3274,12.751204589407012
-71.095,42.3302,15.652973710463764
-71.095,42.333,12.751479944954236
-71.095,42.3358,17.415989942959605
-71.095,42.3386,17.491821824751934
-71.095,42.3414,17.259241268977554
-71.095,42.3442,15.493104354027535
-71.095,42.347,15.995216299192462
-71.095,42.3498,15.06453746515683
-71.0922,42.2686,13.679254062761132
-71.0922,42.2714,13.361174969961457
-71.0922,42.2742,13.419018917595219
-71.0922,42.277,13.304437089634543
-71.0922,42.2798,12.97185661565356
-71.0922,42.2826,13.011013737031481
-71.0922,42.2854,12.767389287779782
-71.0922,42.2882,13.151307196315162
-71.0922,42.291,13.165418989277976
-71.0922,42.2938,14.446544573830465
-71.0922,42.2966,15.036446756894817
-71.0922,42.3106,13.33461752436796
-71.0922,42.3134,13.315539164210694
-71.0922,42.3162,13.195950590798336
-71.0922,42.319,13.084952809948348
-71.0922,42.3218,12.283899900900577
-71.0922,42.3246,13.627194179189265
-71.0922,42.3274,12.804659630602236
-71.0922,42.3302,13.958000356065753
-71.0922,42.333,15.764330754435672
-71.0922,42.3358,15.34724399241011
-71.0922,42.3386,18.73051854634747
-71.0922,42.3414,15.373702277876342
-71.0922,42.3442,14.83756572391023
-71.0922,42.347,15.607222118637326
-71.0922,42.3498,15.82032014408121
-71.0894,42.2714,12.640406138612507
-71.0894,42.2742,12.35671372047658
-71.0894,42.277,13.220234426325888
-71.0894,42.2798,12.98295368877001
-71.0894,42.2826,12.786386100237687
-71.0894,42.2854,12.809209070463696
-71.0894,42.2882,12.465804686192385
-71.0894,42.291,13.040874094533457
-71.0894,42.2938,13.522294400673855
-71.0894,42.2966,14.284971412815992
-71.0894,42.3078,14.952160295902427
-71.0894,42.3106,13.240930342744566
-71.0894,42.3134,12.992598027188505
-71.0894,42.3162,12.781401235366177
-71.0894,42.319,12.891727642900447
-71.0894,42.3218,13.523195547788765
-71.0894,42.3246,12.90966737567538
-71.0894,42.3274,12.779792680479016
-71.0894,42.3302,12.954818055220649
-71.0894,42.333,16.83783510203007
-71.0894,42.3358,16.628970455333107
-71.0894,42.3386,19.941006738805328
-71.0894,42.3414,16.126309779113836
-71.0894,42.3442,15.447426616813091
-71.0894,42.347,15.152566225664055
-71.0894,42.3498,15.192201121775062
-71.0866,42.2714,12.796553489318644
-71.0866,42.2742,12.857520710900861
-71.0866,42.277,14.047493969945272
-71.0866,42.2798,12.98112618070977
-71.0866,42.2826,12.937474862123027
-71.0866,42.2854,12.463106678642522
-71.0866,42.2882,12.635166582220279
-71.0866,42.291,12.79330360049857
-71.0866,42.2938,13.381543089383397
-71.0866,42.2966,13.102524812688214
-71.0866,42.2994,13.072343623452777
-71.0866,42.3022,14.421437248762947
-71.0866,42.305,13.417927492284539
-71.0866,42.3078,13.292072929143304
-71.0866,42.3106,13.430015641237643
-71.0866,42.3134,12.861226937574974
-71.0866,42.3162,13.618477913092091
-71.0866,42.319,13.688103110346319
-71.0866,42.3218,13.619902480767728
-71.0866,42.3246,13.369764727091095
-71.0866,42.3274,13.611426308028085
-71.0866,42.3302,13.424652249245263
-71.0866,42.333,15.12623254829889
-71.0866,42.3358,14.086822426323982
-71.0866,42.3386,16.252072719254684
-71.0866,42.3414,15.068027882846343
-71.0866,42.3442,15.942644478083231
-71.0866,42.347,15.211614611450461
-71.0866,42.3498,15.021870181898358
-71.0866,42.3526,15.020545205231953
-71.0838,42.2714,12.863946898402583
-71.0838,42.2742,15.272769179439859
-71.0838,42.277,12.8381291178497
-71.0838,42.2798,12.775131286702244
-71.0838,42.2826,12.454767335105046
-71.0838,42.2854,12.374346106473636
-71.0838,42.2882,12.305606846129761
-71.0838,42.291,17.83208918378037
-71.0838,42.2938,12.66297236007477
-71.0838,42.2966,13.179112332088565
-71.0838,42.2994,12.855132673404658
-71.0838,42.3022,12.799493132832197
-71.0838,42.305,13.094808988202507
-71.0838,42.3078,13.32563820268616
-71.0838,42.3106,13.04094164788853
-71.0838,42.3134,12.86348700683029
-71.0838,42.3162,13.918423755063737
-71.0838,42.319,13.37760999965239
-71.0838,42.3218,12.674054906731044
-71.0838,42.3246,12.897744989052441
-71.0838,42.3274,13.572432068560381
-71.0838,42.3302,14.042084783298268
-71.0838,42.333,13.835354881069843
-71.0838,42.3358,13.915553055465367
-71.0838,42.3386,15.521525776352098
-71.0838,42.3414,14.879917505870761
-71.0838,42.3442,15.765207606473934
-71.0838,42.347,17.32981609094498
-71.0838,42.3498,15.292825977003462
-71.0838,42.3526,15.050823792729348
-71.081,42.2714,14.096688341497726
-71.081,42.2742,14.729047501641809
-71.081,42.277,17.092479438139684
-71.081,42.2798,12.838799796438519
-71.081,42.2826,12.846143799931562
-71.081,42.2854,12.796728854573235
-71.081,42.2882,12.302737903745133
-71.081,42.291,16.844239890930787
-71.081,42.2938,12.602506054758893
-71.081,42.2966,13.113993712429847
-71.081,42.2994,12.785674450640837
-71.081,42.3022,12.803221661477071
-71.081,42.305,13.468230404133633
-71.081,42.3078,14.498327806107683
-71.081,42.3106,12.771586805062096
-71.081,42.3134,12.691852530224631
-71.081,42.3162,12.4570965272724
-71.081,42.319,13.45112602579845
-71.081,42.3218,13.388112593632549
-71.081,42.3246,12.784340378667524
-71.081,42.3274,13.354456661194797
-71.081,42.3302,14.386126268994248
-71.081,42.333,13.520871054672487
-71.081,42.3358,17.25699178937276
-71.081,42.3386,14.718080638617925
-71.081,42.3414,14.436340356711943
-71.081,42.3442,15.015438660166394
-71.081,42.347,18.326545974083047
-71.081,42.3498,15.808453976908037
-71.081,42.3526,15.143695698772792
-71.0782,42.2714,13.030255278577089
-71.0782,42.2742,12.658827856934519
-71.0782,42.277,13.118733577304443
-71.0782,42.2798,12.769504906478861
-71.0782,42.2826,12.757396246726781
-71.0782,42.2854,12.656762182888777
-71.0782,42.2882,12.38726256409455
-71.0782,42.291,13.525583664756377
-71.0782,42.2938,12.553800475456171
-71.0782,42.2966,12.445172092758696
-71.0782,42.2994,12.546518400501677
-71.0782,42.3022,12.539455591393262
-71.0782,42.305,13.16462372041989
-71.0782,42.3078,12.907901573897568
-71.0782,42.3106,12.874236116936036
-71.0782,42.3134,12.722660413136365
-71.0782,42.3162,12.65094249929065
-71.0782,42.319,12.413054131453572
-71.0782,42.3218,12.735175337714086
-71.0782,42.3246,12.821291929945186
-71.0782,42.3274,13.146588911683523
-71.0782,42.3302,14.663197303764704
-71.0782,42.333,15.266480126948228
-71.0782,42.3358,15.329305601759255
-71.0782,42.3386,14.010739743410003
-71.0782,42.3414,14.670594746117313
-71.0782,42.3442,14.743721984455583
-71.0782,42.347,16.181482560026435
-71.0782,42.3498,16.524094563854177
-71.0782,42.3526,15.321591132225345
-71.0782,42.3554,15.548068350841966
-71.0782,42.3834,13.559272876676006
-71.0754,42.2714,13.100065044674498
-71.0754,42.2742,12.977758845450294
-71.0754,42.277,12.783788691220272
-71.0754,42.2798,12.812415399825474
-71.0754,42.2826,12.8442399945441
-71.0754,42.2854,14.690886156511192
-71.0754,42.2882,12.60423137695588
-71.0754,42.291,13.001498122674153
-71.0754,42.2938,12.655204374426495
-71.0754,42.2966,12.822107130597907
-71.0754,42.2994,12.71091954519366
-71.0754,42.3022,12.932934755484032
-71.0754,42.305,13.168541243603688
-71.0754,42.3078,13.111529165376592
-71.0754,42.3106,13.138638894878117
-71.0754,42.3134,12.960094894483369
-71.0754,42.3162,12.41596135617281
-71.0754,42.319,12.435425809745125
-71.0754,42.3218,12.158283271028658
-71.0754,42.3246,12.584175042325482
-71.0754,42.3274,12.984002346431659
-71.0754,42.3302,12.91905797471067
-71.0754,42.333,14.804506081681591
-71.0754,42.3358,14.090168014510395
-71.0754,42.3386,14.42571316781296
-71.0754,42.3414,14.902983809377554
-71.0754,42.3442,14.550902956581213
-71.0754,42.347,15.943162598912497
-71.0754,42.3498,17.954958623950958
-71.0754,42.3526,15.411005400212254
-71.0754,42.3554,15.56712011258852
-71.0754,42.3806,13.806033037818505
-71.0754,42.3834,13.642148742541792
-71.0754,42.3862,13.561900218784896
-71.0754,42.389,15.239570246754518
-71.0726,42.2714,13.653613983782854
-71.0726,42.2742,12.791817168198993
-71.0726,42.277,12.887321192276728
-71.0726,42.2798,12.853896697371527
-71.0726,42.2826,12.910204356595424
-71.0726,42.2854,13.15024230968776
-71.0726,42.2882,13.186914148466869
-71.0726,42.291,13.239948763899774
-71.0726,42.2938,12.944850190237355
-71.0726,42.2966,12.928572210684061
-71.0726,42.2994,12.827621039833295
-71.0726,42.3022,12.685937762353152
-71.0726,42.305,13.64752773375556
-71.0726,42.3078,12.241037520566032
-71.0726,42.3106,13.406508413449876
-71.0726,42.3134,12.785874033840676
-71.0726,42.3162,12.82052659089087
-71.0726,42.319,12.461655210698144
-71.0726,42.3218,12.73208607916309
-71.0726,42.3246,12.456671732545429
-71.0726,42.3274,12.865976253624712
-71.0726,42.3302,13.356021430430399
-71.0726,42.333,16.37722434472752
-71.0726,42.3358,18.740737267834135
-71.0726,42.3386,15.659367414876863
-71.0726,42.3414,14.89028565140157
-71.0726,42.3442,14.531793280088422
-71.0726,42.347,14.37285962260455
-71.0726,42.3498,17.624469340790046
-71.0726,42.3526,16.236493070588544
-71.0726,42.3554,15.367752289110966
-71.0726,42.3582,15.031944877944197
-71.0726,42.361,14.42136819785066
-71.0726,42.3638,18.61080511280934
-71.0726,42.375,13.833308375851926
-71.0726,42.3778,14.254494040641445
-71.0726,42.3806,15.830481599381473
-71.0726,42.3834,13.323552331781798
-71.0726,42.3862,14.724555099499456
-71.0698,42.2714,13.493034754353836
-71.0698,42.2742,13.062963394300594
-71.0698,42.277,12.812401055390655
-71.0698,42.2798,12.811436801594857
-71.0698,42.2826,13.334373812375805
-71.0698,42.2854,13.126918622865647
-71.0698,42.2882,13.09089199690601
-71.0698,42.291,13.183443447855575
-71.0698,42.2938,13.27609694167956
-71.0698,42.2966,12.947859124645083
-71.0698,42.2994,14.30999859877353
-71.0698,42.3022,12.785375613982612
-71.0698,42.305,12.768459171255968
-71.0698,42.3078,12.681820270299534
-71.0698,42.3106,12.983540975939931
-71.0698,42.3134,12.654061104241714
-71.0698,42.3162,12.331408925832902
-71.0698,42.319,13.131324591756412
-71.0698,42.3218,12.374248135371484
-71.0698,42.3246,12.915113121855985
-71.0698,42.3274,14.089441661954098
-71.0698,42.3302,14.0081864117638
-71.0698,42.333,14.510352729785998
-71.0698,42.3358,17.030396359934276
-71.0698,42.3386,15.632151231545791
-71.0698,42.3414,14.553180729614143
-71.0698,42.3442,14.190647305936697
-71.0698,42.347,15.154510021581265
-71.0698,42.3498,15.722658476502179
-71.0698,42.3526,15.694364734043264
-71.0698,42.3554,15.572114789892714
-71.0698,42.3582,14.873186089831746
-71.0698,42.361,15.691449061272822
-71.0698,42.3638,20.979285079043713
-71.0698,42.3666,17.03073438908036
-71.0698,42.3722,12.51393199228375
-71.0698,42.375,16.26881473530531
-71.0698,42.3778,14.138126744467849
-71.0698,42.3806,13.439715509235528
-71.0698,42.3834,14.038881213923055
-71.067,42.2742,14.34392757242465
-71.067,42.277,12.975825314606917
-71.067,42.2798,13.410982648479285
-71.067,42.2826,12.832523225761497
-71.067,42.2854,12.95747178403934
-71.067,42.2882,13.2184292524603
-71.067,42.291,12.967515871516841
-71.067,42.2938,13.002382832839071
-71.067,42.2966,12.955854775006618
-71.067,42.2994,12.811378666005245
-71.067,42.3022,12.8782115743616
-71.067,42.305,12.886872635701025
-71.067,42.3078,13.129422815120687
-71.067,42.3106,12.726973061993451
-71.067,42.3134,12.950318090591013
-71.067,42.3162,13.370795619573046
-71.067,42.319,12.863583698807297
-71.067,42.3218,12.663298393348503
-71.067,42.3246,12.457981838424004
-71.067,42.3274,14.766438323921781
-71.067,42.3302,14.470955871340207
-71.067,42.333,15.747242889351332
-71.067,42.3358,17.591247141061118
-71.067,42.3386,15.423841944138221
-71.067,42.3414,14.839988884002846
-71.067,42.3442,14.398263136776237
-71.067,42.347,15.852816133201747
-71.067,42.3498,15.136594277734961
-71.067,42.3526,16.20608988645092
-71.067,42.3554,17.851804661533908
-71.067,42.3582,14.997174568338114
-71.067,42.361,14.704943104639577
-71.067,42.3638,18.992337180040774
-71.067,42.3666,15.962477853773844
-71.067,42.3722,13.853005657227818
-71.067,42.375,15.707025488842513
-71.067,42.3778,13.77721369336771
-71.067,42.3806,13.292175400104831
-71.067,42.3834,14.054677211000826
-71.0642,42.2714,12.815254406383522
-71.0642,42.2742,12.879800386658413
-71.0642,42.277,17.15980361115112
-71.0642,42.2798,12.92601810285688
-71.0642,42.2826,12.950657792596424
-71.0642,42.2854,13.370124688447529
-71.0642,42.2882,13.150364056313277
-71.0642,42.291,13.45834068884919
-71.0642,42.2938,12.98090681956675
-71.0642,42.2966,13.04859441263782
-71.0642,42.2994,12.80856860405414
-71.0642,42.3022,12.744716161711636
-71.0642,42.305,12.939141644144511
-71.0642,42.3078,13.245311950944153
-71.0642,42.3106,12.82765512869755
-71.0642,42.3134,13.613121352117467
-71.0642,42.3162,13.210697476226528
-71.0642,42.319,12.832256545715522
-71.0642,42.3218,12.693208095272793
-71.0642,42.3246,14.141024539953976
-71.0642,42.3274,16.50736136565243
-71.0642,42.3302,14.316758461449155
-71.0642,42.333,13.56077152240406
-71.0642,42.3358,15.954091959616287
-71.0642,42.3386,13.809617649890482
-71.0642,42.3414,15.644442519463981
-71.0642,42.3442,14.875336885627357
-71.0642,42.347,15.334198637363551
-71.0642,42.3498,17.077965908337642
-71.0642,42.3526,16.52043116866984
-71.0642,42.3554,15.759643618729047
-71.0642,42.3582,15.437483906911725
-71.0642,42.361,14.811923454710188
-71.0642,42.3638,18.65525893652707
-71.0642,42.3666,15.728003643871713
-71.0642,42.3694,14.364412008982493
-71.0642,42.3722,13.902186390569945
-71.0642,42.375,13.770341921164349
-71.0642,42.3778,13.614761512134695
-71.0642,42.3806,13.215633339727821
-71.0642,42.3834,14.827538105893293
-71.0614,42.2714,12.899148394967549
-71.0614,42.2742,13.101771563782524
-71.0614,42.277,12.96619146434154
-71.0614,42.2798,13.097119412847393
-71.0614,42.2826,12.97537472673519
-71.0614,42.2854,13.26576710148788
-71.0614,42.2882,12.891205424603037
-71.0614,42.291,12.974227657799025
-71.0614,42.2938,13.126614831354633
-71.0614,42.2966,13.164080970756197
-71.0614,42.2994,13.690693230209298
-71.0614,42.3022,13.531239133223778
-71.0614,42.305,13.309095871519562
-71.0614,42.3078,13.220254195786557
-71.0614,42.3106,13.17632931331782
-71.0614,42.3134,13.108020532618951
-71.0614,42.3162,13.221193373703041
-71.0614,42.319,13.413828066950908
-71.0614,42.3218,13.239999485331008
-71.0614,42.3246,13.717319022214445
-71.0614,42.3274,16.259067629060816
-71.0614,42.3302,15.843687752206014
-71.0614,42.333,15.564687224098881
-71.0614,42.3358,14.87057723903566
-71.0614,42.3386,15.359748397150119
-71.0614,42.3414,16.311031509547085
-71.0614,42.3442,17.044909486913465
-71.0614,42.347,15.946141439764967
-71.0614,42.3498,15.284324885718897
-71.0614,42.3526,14.927932636603948
-71.0614,42.3554,16.405205078510154
-71.0614,42.3582,17.325746147690158
-71.0614,42.361,16.713846198806326
-71.0614,42.3638,16.05754839661996
-71.0614,42.3666,16.124190400184133
-71.0614,42.3694,15.265169900330585
-71.0614,42.3722,14.818560615065682
-71.0614,42.375,13.947164376183123
-71.0614,42.3778,15.142959046457268
-71.0614,42.3806,14.413077916814228
-71.0586,42.2714,16.88756941216764
-71.0586,42.2742,8.732304571033183
-71.0586,42.277,14.705642102352632
-71.0586,42.2798,12.965257143751435
-71.0586,42.2826,13.007763551206619
-71.0586,42.2854,12.986843020831587
-71.0586,42.2882,13.195371430583185
-71.0586,42.291,12.946562934872578
-71.0586,42.2938,13.267112119656804
-71.0586,42.2966,12.993328093410737
-71.0586,42.2994,12.89018243636904
-71.0586,42.3022,12.921380095080298
-71.0586,42.305,12.826110970038254
-71.0586,42.3078,12.841109470132926
-71.0586,42.3106,13.279982025443795
-71.0586,42.3134,13.170525564217469
-71.0586,42.3162,13.278190443518376
-71.0586,42.319,13.136987990000659
-71.0586,42.3218,13.345449054703444
-71.0586,42.3246,13.212257984732831
-71.0586,42.3274,13.9232195445734
-71.0586,42.3302,13.329471270619436
-71.0586,42.333,13.900509384816996
-71.0586,42.3358,15.015217132000243
-71.0586,42.3386,16.308877154607366
-71.0586,42.3442,13.626214277090641
-71.0586,42.347,16.85427837433184
-71.0586,42.3498,15.374499641081556
-71.0586,42.3526,17.321750499375778
-71.0586,42.3554,16.62956554992516
-71.0586,42.3582,17.22877214852565
-71.0586,42.361,18.069180957186013
-71.0586,42.3638,15.75514683687041
-71.0586,42.3666,15.15031849201261
-71.0586,42.3722,15.49640958955061
-71.0586,42.375,13.850349055013965
-71.0586,42.3778,16.375933161229916
-71.0586,42.3806,16.336228245515926
-71.0586,42.3834,16.22263136255878
-71.0558,42.277,15.626165380294621
-71.0558,42.2798,12.814028470178553
-71.0558,42.2826,13.219341423644059
-71.0558,42.2854,13.077824495490711
-71.0558,42.2882,12.947589733896988
-71.0558,42.291,12.96620416810605
-71.0558,42.2938,13.16960148438483
-71.0558,42.2966,13.356623575860034
-71.0558,42.2994,12.86283133085101
-71.0558,42.3022,13.199857969592415
-71.0558,42.305,13.521269522465113
-71.0558,42.3078,15.575480775060061
-71.0558,42.3106,13.55535378653346
-71.0558,42.3134,12.994119503600801
-71.0558,42.3162,13.16401744165853
-71.0558,42.319,13.183397645512136
-71.0558,42.3218,12.884161422063958
-71.0558,42.3246,14.933570349936206
-71.0558,42.3274,16.384077295392206
-71.0558,42.3302,13.194383962957895
-71.0558,42.333,13.471967560791091
-71.0558,42.3358,12.907034966597369
-71.0558,42.3386,13.28801440131486
-71.0558,42.3414,13.877452838800876
-71.0558,42.3442,17.137013568845997
-71.0558,42.347,11.886555849558373
-71.0558,42.3498,17.71031136329987
-71.0558,42.3526,17.653804493805026
-71.0558,42.3554,18.59195214916617
-71.0558,42.3582,17.585240281739615
-71.0558,42.361,16.6965406180559
-71.0558,42.3638,14.105559945571208
-71.0558,42.3666,14.07827320460551
-71.0558,42.375,17.04939329374741
-71.0558,42.3778,17.15253008430532
-71.0558,42.3806,16.111074970219725
-71.053,42.2798,12.939649166212137
-71.053,42.2826,12.912968845288312
-71.053,42.2854,13.254061006378214
-71.053,42.2882,12.961795283858478
-71.053,42.291,12.911436474120181
-71.053,42.2938,13.482277309043308
-71.053,42.2966,13.294747845681677
-71.053,42.2994,13.1603452282464
-71.053,42.3022,13.207587929242557
-71.053,42.305,14.262389485429821
-71.053,42.3078,14.394508716833315
-71.053,42.3106,13.089938995046213
-71.053,42.3134,13.118122515294125
-71.053,42.3162,13.157720179213515
-71.053,42.319,13.03774326554216
-71.053,42.3218,12.938738571750378
-71.053,42.3246,16.17722173876861
-71.053,42.3274,16.90594575627349
-71.053,42.3302,13.573142201776289
-71.053,42.333,13.311540930138614
-71.053,42.3358,12.979667528665225
-71.053,42.3386,18.406613132470035
-71.053,42.3414,13.253460785901046
-71.053,42.3442,16.206990211976635
-71.053,42.347,16.03776859313889
-71.053,42.3526,18.953318738831715
-71.053,42.3554,18.216525149473817
-71.053,42.3582,16.015586953886423
-71.053,42.361,15.481344799053366
-71.053,42.3638,14.2180444425042
-71.053,42.3666,15.408959508441
-71.053,42.375,16.145921155790926
-71.053,42.3778,17.090215419615006
-71.053,42.3806,14.735846430547038
-71.053,42.3834,16.98049181332369
-71.0502,42.2798,12.937124161786986
-71.0502,42.2826,13.036616227680508
-71.0502,42.2854,13.054996367161856
-71.0502,42.2882,12.972068848804621
-71.0502,42.291,13.336953884063316
-71.0502,42.2938,14.058779948776884
-71.0502,42.2966,13.689663848098299
-71.0502,42.2994,12.954018495439781
-71.0502,42.3022,12.934808674633334
-71.0502,42.3106,13.223571830623076
-71.0502,42.3134,12.97046626749094
-71.0502,42.3162,16.57056997320609
-71.0502,42.319,14.924016598798728
-71.0502,42.3218,16.09166337603254
-71.0502,42.3274,17.397622952145042
-71.0502,42.3302,15.04274018504561
-71.0502,42.333,14.091245393982879
-71.0502,42.3358,13.244837783697086
-71.0502,42.3386,13.591644876411557
-71.0502,42.3414,14.344755969286169
-71.0502,42.3442,15.145830875029919
-71.0502,42.347,16.63476010100808
-71.0502,42.3498,16.39939300943302
-71.0502,42.3554,16.895285222093037
-71.0502,42.3582,16.720533257154656
-71.0502,42.3638,15.354322492720122
-71.0502,42.3666,16.582505539366327
-71.0502,42.3722,13.766717893791718
-71.0502,42.3778,16.744042312223613
-71.0502,42.3806,16.0120348901861
-71.0502,42.3834,14.49267192933025
-71.0474,42.2798,15.06473584767521
-71.0474,42.2826,13.00740870180038
-71.0474,42.2854,13.01097745746942
-71.0474,42.2882,13.206485048232482
-71.0474,42.291,13.102660117429117
-71.0474,42.2938,14.503119933145785
-71.0474,42.2966,14.964235548561495
-71.0474,42.2994,13.70558407858567
-71.0474,42.305,14.725179413529542
-71.0474,42.3078,13.335328242382477
-71.0474,42.3106,13.092429954276504
-71.0474,42.3134,13.4606435026192
-71.0474,42.319,15.974765977291899
-71.0474,42.3218,16.48856074222983
-71.0474,42.3302,15.130618492196929
-71.0474,42.333,14.195641744784147
-71.0474,42.3358,13.344461902869185
-71.0474,42.3386,13.200523261045037
-71.0474,42.3414,15.69179306778368
-71.0474,42.3442,19.139720587485805
-71.0474,42.347,16.14711325268574
-71.0474,42.3498,16.45731317173689
-71.0474,42.3526,17.100470765575285
-71.0446,42.2826,13.968217338727959
-71.0446,42.2854,13.133525483583536
-71.0446,42.2882,13.474704569190177
-71.0446,42.291,13.569696520976402
-71.0446,42.3022,15.803234209832997
-71.0446,42.3162,16.442244867500825
-71.0446,42.319,16.904983598620298
-71.0446,42.3218,14.920701161992506
-71.0446,42.3302,15.175284679066435
-71.0446,42.333,13.739374791579854
-71.0446,42.3358,13.299091046318795
-71.0446,42.3386,13.991292723918315
-71.0446,42.3414,16.382317164030376
-71.0446,42.3442,17.930974514151607
-71.0446,42.347,13.505767211615627
-71.0446,42.3498,16.968388664250625
-71.0446,42.3526,17.393110658123195
-71.0418,42.2826,15.461097162029462
-71.0418,42.2854,12.886168032145918
-71.0418,42.2882,13.102247343265505
-71.0418,42.3134,13.221967355949776
-71.0418,42.3162,17.11054463268209
-71.0418,42.319,18.78468823891088
-71.0418,42.3302,13.689375995186627
-71.0418,42.333,13.318169922290233
-71.0418,42.3358,13.473349968378407
-71.0418,42.3386,14.659544856965326
-71.0418,42.3414,14.988874659095492
-71.0418,42.3442,16.07127165261743
-71.0418,42.347,17.08885689119263
-71.0418,42.3498,16.147710082720476
-71.0418,42.3666,15.86868512339339
-71.0418,42.3694,15.11269376334376
-71.0418,42.3722,14.782607076952079
-71.0418,42.375,15.227082726268433
-71.0418,42.3778,16.08602468136509
-71.0418,42.3806,16.59214171572817
-71.039,42.2882,13.23550158289873
-71.039,42.291,13.133869342969842
-71.039,42.3134,19.99194045562825
-71.039,42.3162,15.064265505062103
-71.039,42.3302,13.62528059460486
-71.039,42.333,13.458705204647973
-71.039,42.3358,13.492419186579792
-71.039,42.3386,13.671753169413712
-71.039,42.3414,15.480496699697813
-71.039,42.3442,14.89519672398264
-71.039,42.347,17.66543047418149
-71.039,42.3498,16.79101206258253
-71.039,42.3526,18.855498160491784
-71.039,42.3638,16.12801627840005
-71.039,42.3666,14.814794024877953
-71.039,42.3694,13.229745044613123
-71.039,42.3722,13.361434743267413
-71.039,42.375,13.031598817570119
-71.039,42.3778,12.924672964202589
-71.039,42.3806,12.812856225262188
-71.039,42.3834,12.936904905633218
-71.0362,42.3134,14.309535843051918
-71.0362,42.3162,16.74804385723151
-71.0362,42.3302,13.933696169580912
-71.0362,42.333,13.531687948828207
-71.0362,42.3358,13.491555719187307
-71.0362,42.3386,14.80709481799045
-71.0362,42.3414,15.563927497679826
-71.0362,42.3442,16.761933532621715
-71.0362,42.347,15.260634990481291
-71.0362,42.3666,12.958769782181777
-71.0362,42.3694,12.945541231094136
-71.0362,42.3722,12.87851772295824
-71.0362,42.375,12.735115313762147
-71.0362,42.3778,12.878895280106862
-71.0362,42.3806,13.230706093811527
-71.0362,42.3834,13.150542688243506
-71.0334,42.3134,16.51736829192403
-71.0334,42.3162,16.996281526878917
-71.0334,42.3302,13.602318793530127
-71.0334,42.333,13.415819616454474
-71.0334,42.3358,13.726657245893032
-71.0334,42.3386,14.638920670546039
-71.0334,42.3414,15.490879771167943
-71.0334,42.3442,18.19004041186778
-71.0334,42.347,14.865833806879134
-71.0334,42.3638,14.70663500056484
-71.0334,42.3666,12.957425009795333
-71.0334,42.3694,13.516538382783054
-71.0334,42.3722,13.187820081534015
-71.0334,42.375,12.862560814297431
-71.0334,42.3778,12.854928520311828
-71.0334,42.3806,12.792478830069252
-71.0334,42.3834,12.719173150379195
-71.0306,42.333,13.773243455429116
-71.0306,42.3358,13.84874444639841
-71.0306,42.3386,13.355884890896673
-71.0306,42.3414,17.96663707428536
-71.0306,42.3442,18.04616909616585
-71.0306,42.347,19.15869877799624
-71.0306,42.3638,12.99948039481251
-71.0306,42.3666,12.54105314895245
-71.0306,42.3694,16.95432100823538
-71.0306,42.3722,14.453312385977235
-71.0306,42.375,13.374037370663629
-71.0306,42.3778,12.999340885018366
-71.0306,42.3806,12.844082411640857
-71.0278,42.333,13.700341309270973
-71.0278,42.3358,13.50557935138611
-71.0278,42.3386,13.195943692164088
-71.0278,42.3414,16.68820476232804
-71.0278,42.3442,16.375150976118185
-71.0278,42.3666,13.584532551137677
-71.0278,42.375,15.901443484939415
-71.0278,42.3778,12.968089208471124
-71.0278,42.3806,12.830433136353768
-71.025,42.333,13.633775495815373
-71.025,42.3358,13.679782207428149
-71.025,42.3386,14.660319609548889
-71.025,42.3442,18.777506576506838
-71.025,42.375,12.655235608904057
-71.025,42.3778,10.340862330850687
-71.025,42.3806,12.56170627826176
-71.025,42.3834,16.350901702927683
-71.0222,42.3358,17.487149749120775
-71.0222,42.375,11.726422639232633
-71.0222,42.3778,9.939397502695362
-71.0222,42.3806,12.8613299404258
-71.0222,42.3834,12.818741730088233
-71.0194,42.3414,17.72276420807704
-71.0194,42.3554,17.621961914336396
-71.0194,42.3806,12.816834097908764
-71.0194,42.3834,12.882978689625828
-71.0194,42.3862,13.215729520031966
-71.0166,42.3386,16.54807124125098
-71.0166,42.3806,12.619199990251388
-71.0166,42.3834,13.069074911692027
-71.0166,42.3862,14.509289891614522
-71.0166,42.389,14.553314371412045
-71.0138,42.3358,15.795200822750795
-71.0138,42.3386,13.447991312270863
-71.0138,42.3806,12.784873480285137
-71.0138,42.3834,12.736812580601171
-71.0138,42.3862,14.183694024085876
-71.0138,42.389,16.269892133264477
-71.0138,42.3918,15.203178974637309
-71.0138,42.3946,14.693462321167534
-71.011,42.3386,16.290185879089588
-71.011,42.3834,12.816486000605092
-71.011,42.3862,13.15072607624981
-71.011,42.389,12.879569687166997
-71.011,42.3918,12.56140363120589
-71.011,42.3946,13.430827989038638
-71.0082,42.347,19.27879178772232
-71.0082,42.3638,20.180604629370976
-71.0082,42.3862,13.712860391490391
-71.0082,42.389,12.964543024639394
-71.0082,42.3918,16.08341855063007
-71.0054,42.3862,12.935668132032376
-71.0054,42.389,13.376373463729538
-71.0054,42.3918,13.745350694506358
-71.0026,42.3862,12.997026886093032
-71.0026,42.389,12.940203625701043
-71.0026,42.3918,12.748137726523726
-71.0026,42.3946,17.55391799922741
-70.9998,42.3834,13.095471681936013
-70.9998,42.3862,14.639662780846798
-70.9998,42.389,13.178161341662097
-70.9998,42.3918,12.802670948381735
-70.997,42.3834,13.158297445451803
-70.997,42.389,12.805886958407756
-70.997,42.3918,15.053159888649594
-70.9942,42.3862,13.335883630098785
-70.9914,42.389,18.324698338254834
-70.9914,42.3918,15.996989600197862
-70.9886,42.3582,17.864933841251624
